title,category,subcategory,subtitle,description,keywords
遺產稅申報完全攻略,inheritance,tax-planning,一次搞懂申報期限、計算方式和節稅技巧,完整解析遺產稅申報流程，包括期限規定、稅額計算、節稅策略，避免常見申報錯誤,"遺產稅,申報,節稅,期限"
拋棄繼承vs限定繼承選擇指南,inheritance,registration,債務問題的最佳解決方案,深入比較拋棄繼承與限定繼承的差異，提供選擇建議和申請流程說明,"拋棄繼承,限定繼承,債務,繼承"
遺囑效力認定實務解析,inheritance,wills,避免遺囑無效的關鍵要點,詳細說明遺囑的有效要件、常見無效原因，以及如何預防遺囑爭議,"遺囑,效力,無效,爭議"
預售屋契約陷阱完全解析,real-estate,transactions,首購族必讀的保護指南,揭露預售屋契約常見陷阱，教你如何審查契約條款，保護購屋權益,"預售屋,契約,陷阱,首購"
不動產投資稅務規劃,real-estate,transactions,聰明投資房地產的稅務策略,完整說明不動產投資相關稅務，包括所得稅、房地合一稅等規劃技巧,"不動產投資,稅務,房地合一稅,節稅"
社區管理委員會法律問題,real-estate,disputes,住戶權益保障完全手冊,解析管委會運作的法律規範，住戶權利義務，以及糾紛處理方式,"管委會,住戶權益,社區管理,糾紛"
離婚財產分配實務指南,family-law,property,保護自身權益的必備知識,詳細說明夫妻財產制度、離婚時財產分配原則和計算方式,"離婚,財產分配,夫妻財產,權益"
子女監護權爭取策略,family-law,custody,為孩子爭取最佳照顧環境,分析監護權歸屬考量因素，提供爭取監護權的策略和注意事項,"監護權,子女,離婚,爭取"
家暴保護令申請完整流程,family-law,support,緊急保護措施的申請指南,詳細說明家暴保護令種類、申請條件、流程和效力,"家暴,保護令,申請,緊急保護"
勞動契約重點條款解析,labor-law,employment,保障勞工權益的基礎知識,解析勞動契約必備條款、常見爭議和權利義務,"勞動契約,勞工權益,條款,爭議"